{
    "camera": {
      "id": 3,
      "name": "Camera",
      "type": "camera",
      "position": [0, 0, -11],
      "rotation": [0, 0, 0],
      "scale": [1, 1, 1],
      "mesh": { "vertices": [], "faces": [] },
      "shaders": [
        {
          "debugColor": [0, 0, 0],
          "color": [200, 200, 200],
          "roughness": 1,
          "reflectivity": 1,
          "emissionStrength": 0
        }
      ],
      "shaderIndices": [0],
      "material": { "ior": 1 },
      "bvh": { "box": [null, null], "left": null, "right": null, "faces": null },
      "resolutionWidth": 1440,
      "resolutionHeight": 900,
      "width": 1.6,
      "length": 1.0
    },
    "objects": [
      {
        "id": 0,
        "name": "Box",
        "type": "mesh",
        "position": [0, 0, 1],
        "rotation": [0, 0, 0],
        "scale": [1, 1, 1],
        "mesh": {
          "vertices": [
            [-3.3465888500213623, -3.8565688133239746, 3.3465888500213623],
            [-3.3465888500213623, 3.8565688133239746, 3.3465888500213623],
            [3.3465888500213623, 3.8565688133239746, 3.3465888500213623],
            [3.3465888500213623, -3.8565688133239746, 3.3465888500213623],
            [3.3465888500213623, 3.8565688133239746, -3.3465888500213623],
            [3.3465888500213623, -3.8565688133239746, -3.3465888500213623],
            [3.2425432205200195, 3.736668348312378, -3.3465888500213623],
            [3.2425432205200195, -3.736668348312378, -3.3465888500213623],
            [-3.3465888500213623, 3.8565688133239746, -3.3465888500213623],
            [-3.3465888500213623, -3.8565688133239746, -3.3465888500213623],
            [-3.2425432205200195, -3.736668348312378, -3.3465888500213623],
            [-3.2425432205200195, 3.736668348312378, -3.3465888500213623],
            [0.6713262796401978, 3.8565688133239746, 0.6713262796401978],
            [-0.6713262796401978, 3.8565688133239746, -0.6713262796401978],
            [-0.6713262796401978, 3.8565688133239746, 0.6713262796401978],
            [0.6713262796401978, 3.8565688133239746, -0.6713262796401978],
            [-3.2425432205200195, -3.736668348312378, 3.182849645614624],
            [3.2425432205200195, -3.736668348312378, 3.182849645614624],
            [3.2425432205200195, 3.736668348312378, 3.182849645614624],
            [-3.2425432205200195, 3.736668348312378, 3.182849645614624],
            [-0.6713262796401978, 3.736668348312378, 0.6713262796401978],
            [0.6713262796401978, 3.736668348312378, 0.6713262796401978],
            [-0.6713262796401978, 3.736668348312378, -0.6713262796401978],
            [0.6713262796401978, 3.736668348312378, -0.6713262796401978]
          ],
          "faces": [
            [2, 1, 0],
            [3, 2, 0],
            [4, 2, 3],
            [5, 4, 3],
            [5, 7, 6],
            [10, 9, 8],
            [11, 10, 8],
            [4, 5, 6],
            [6, 11, 8],
            [8, 4, 6],
            [5, 9, 10],
            [7, 5, 10],
            [1, 8, 9],
            [0, 1, 9],
            [9, 5, 3],
            [0, 9, 3],
            [1, 2, 12],
            [13, 8, 1],
            [1, 12, 14],
            [14, 13, 1],
            [4, 8, 13],
            [12, 2, 4],
            [4, 13, 15],
            [15, 12, 4],
            [18, 17, 16],
            [19, 18, 16],
            [17, 18, 6],
            [7, 17, 6],
            [19, 16, 10],
            [11, 19, 10],
            [10, 16, 17],
            [7, 10, 17],
            [18, 19, 20],
            [21, 18, 20],
            [6, 18, 21],
            [20, 19, 11],
            [22, 20, 11],
            [6, 21, 23],
            [23, 22, 11],
            [23, 11, 6],
            [14, 12, 21],
            [20, 14, 21],
            [12, 15, 23],
            [21, 12, 23],
            [23, 15, 13],
            [22, 23, 13],
            [22, 13, 14],
            [20, 22, 14],
            [23, 21, 20],
            [22, 23, 20]
          ]
        },
        "shaders": [
          {
            "debugColor": [200, 200, 200],
            "color": [200, 200, 200],
            "roughness": 1,
            "reflectivity": 1,
            "emissionStrength": 0
          },
          {
            "debugColor": [100, 100, 100],
            "color": [200, 200, 200],
            "roughness": 1,
            "reflectivity": 1,
            "emissionStrength": 0
          },
          {
            "debugColor": [120, 120, 20],
            "color": [255, 255, 120],
            "roughness": 1,
            "reflectivity": 1,
            "emissionStrength": 0.6
          },
          {
            "debugColor": [220, 40, 160],
            "color": [220, 40, 160],
            "roughness": 0.68,
            "reflectivity": 1,
            "emissionStrength": 0
          },
          {
            "debugColor": [20, 220, 220],
            "color": [20, 220, 220],
            "roughness": 0.68,
            "reflectivity": 1,
            "emissionStrength": 0
          }
        ],
        "shaderIndices": [
          1, 1, 1, 1, 1, 1, 1, 1, 1, 1, 1, 1, 1, 1, 1, 1, 1, 1, 1, 1, 1, 1, 1, 1,
          1, 1, 4, 4, 3, 3, 1, 1, 1, 1, 1, 1, 1, 1, 1, 1, 1, 1, 1, 1, 1, 1, 1, 1,
          2, 2
        ],
        "material": { "ior": 1 },
        "bvh": { "box": [null, null], "left": null, "right": null, "faces": null }
      },
      {
        "id": 1,
        "name": "cube",
        "type": "mesh",
        "position": [1.44, -0.9, 1.4],
        "rotation": [0, 0.17453292519943295, 0],
        "scale": [1.4, 2.6, 1.8],
        "mesh": {
          "vertices": [
            [1, 1, 1],
            [-1, 1, 1],
            [-1, -1, 1],
            [1, -1, 1],
            [1, 1, -1],
            [-1, 1, -1],
            [-1, -1, -1],
            [1, -1, -1]
          ],
          "faces": [
            [0, 1, 2],
            [2, 3, 0],
            [0, 3, 7],
            [7, 4, 0],
            [6, 2, 1],
            [1, 5, 6],
            [5, 1, 0],
            [0, 4, 5],
            [3, 2, 6],
            [6, 7, 3],
            [6, 5, 4],
            [4, 7, 6]
          ]
        },
        "shaders": [
          {
            "debugColor": [200, 200, 200],
            "color": [200, 200, 200],
            "roughness": 1,
            "reflectivity": 1,
            "emissionStrength": 0
          },
          {
            "debugColor": [0, 0, 0],
            "color": [255, 255, 255],
            "roughness": 0.5,
            "reflectivity": 0.15,
            "emissionStrength": 0
          }
        ],
        "shaderIndices": [1, 1, 1, 1, 1, 1, 1, 1, 1, 1, 1, 1],
        "material": { "ior": 1.4 },
        "bvh": { "box": [null, null], "left": null, "right": null, "faces": null }
      },
      {
        "id": 2,
        "name": "Mirror ball",
        "type": "sphere",
        "position": [-1.54, -2.1, 2],
        "rotation": [0, 0, 0],
        "scale": [3, 3, 3],
        "mesh": { "vertices": [], "faces": [] },
        "shaders": [
          {
            "debugColor": [180, 180, 180],
            "color": [210, 210, 210],
            "roughness": 0,
            "reflectivity": 1,
            "emissionStrength": 0
          }
        ],
        "shaderIndices": [0],
        "material": { "ior": 1 },
        "bvh": { "box": [null, null], "left": null, "right": null, "faces": null }
      }
    ]
  }
  